chapter,section,label,sheet
Kedah 2025,A,Paper 1,Kedah 2025/kedah.csv
Kedah 2025 F4,A,Paper 1,Kedah 2025/kedah a.csv
Kedah 2025 F5,A,Paper 1,Kedah 2025/kedah b.csv
Kelantan 2025,A,Paper 1,Kelantan 2025/kelantan.csv
Kelantan 2025 F4,A,Paper 1,Kelantan 2025/kelantan a.csv
Kelantan 2025 F5,A,Paper 1,Kelantan 2025/kelantan b.csv
Melaka 2025,A,Paper 1,Melaka 2025/melaka.csv
Melaka 2025 F4,A,Paper 1,Melaka 2025/melaka a.csv
Melaka 2025 F5,A,Paper 1,Melaka 2025/melaka b.csv
Muar 2025,A,Paper 1,Muar 2025/muar.csv
Muar 2025 F4,A,Paper 1,Muar 2025/muar a.csv
Muar 2025 F5,A,Paper 1,Muar 2025/muar b.csv
Pahang 2025,A,Paper 1,Pahang 2025/pahang.csv
Pahang 2025 F4,A,Paper 1,Pahang 2025/pahang a.csv
Pahang 2025 F5,A,Paper 1,Pahang 2025/pahang b.csv
Pasir Gudang 2025,A,Paper 1,Pasir Gudang 2025/pasir_gudang.csv
Pasir Gudang 2025 F4,A,Paper 1,Pasir Gudang 2025/pasir_gudang a.csv
Pasir Gudang 2025 F5,A,Paper 1,Pasir Gudang 2025/pasir_gudang b.csv
Perak 2025,A,Paper 1,Perak 2025/perak.csv
Perak 2025 F4,A,Paper 1,Perak 2025/perak a.csv
Perak 2025 F5,A,Paper 1,Perak 2025/perak b.csv
Perlis 2025,A,Paper 1,Perlis 2025/perlis.csv
Perlis 2025 F4,A,Paper 1,Perlis 2025/perlis a.csv
Perlis 2025 F5,A,Paper 1,Perlis 2025/perlis b.csv
Selangor 2025,A,Paper 1,Selangor 2025/selangor.csv
Selangor 2025 F4,A,Paper 1,Selangor 2025/selangor a.csv
Selangor 2025 F5,A,Paper 1,Selangor 2025/selangor b.csv
F4 Chp 1 2025,A,2025 Paper 1 分类,ByChapter_2025/F4 Chp 1.csv
F4 Chp 2 2025,A,2025 Paper 1 分类,ByChapter_2025/F4 Chp 2.csv
F4 Chp 3 2025,A,2025 Paper 1 分类,ByChapter_2025/F4 Chp 3.csv
F4 Chp 4 2025,A,2025 Paper 1 分类,ByChapter_2025/F4 Chp 4.csv
F4 Chp 5 2025,A,2025 Paper 1 分类,ByChapter_2025/F4 Chp 5.csv
F4 Chp 6 2025,A,2025 Paper 1 分类,ByChapter_2025/F4 Chp 6.csv
F4 Chp 7 2025,A,2025 Paper 1 分类,ByChapter_2025/F4 Chp 7.csv
F4 Chp 8 2025,A,2025 Paper 1 分类,ByChapter_2025/F4 Chp 8.csv
F4 Chp 9 2025,A,2025 Paper 1 分类,ByChapter_2025/F4 Chp 9.csv
F4 Chp 10 2025,A,2025 Paper 1 分类,ByChapter_2025/F4 Chp 10.csv
F4 Chp 11 2025,A,2025 Paper 1 分类,ByChapter_2025/F4 Chp 11.csv
F4 Chp 12 2025,A,2025 Paper 1 分类,ByChapter_2025/F4 Chp 12.csv
F5 Chp 1 2025,A,2025 Paper 1 分类,ByChapter_2025/F5 Chp 1.csv
F5 Chp 2 2025,A,2025 Paper 1 分类,ByChapter_2025/F5 Chp 2.csv
F5 Chp 3 2025,A,2025 Paper 1 分类,ByChapter_2025/F5 Chp 3.csv
F5 Chp 4 2025,A,2025 Paper 1 分类,ByChapter_2025/F5 Chp 4.csv
F5 Chp 5 2025,A,2025 Paper 1 分类,ByChapter_2025/F5 Chp 5.csv
F5 Chp 6 2025,A,2025 Paper 1 分类,ByChapter_2025/F5 Chp 6.csv
F5 Chp 7 2025,A,2025 Paper 1 分类,ByChapter_2025/F5 Chp 7.csv
F5 Chp 8 2025,A,2025 Paper 1 分类,ByChapter_2025/F5 Chp 8.csv
F5 Chp 9 2025,A,2025 Paper 1 分类,ByChapter_2025/F5 Chp 9.csv
